[{"asn_v4": 33763, "first_connected": 1585008095, "id": 1000327, "latitude": -22.5595, "longitude": 17.0685, "status": 1, "status_since": 1675349595, "total_uptime": 88530889, "address_v4": "160.242.14.157", "address_v6": "fd30:a2c2:18ed:bd00:49f1:5544:1f43:cf66", "country_code": "NA", "day": "20230205", "prefix_v4": "160.242.0.0/20", "probe": "https://atlas.ripe.net/api/v2/probes/1000327/", "status_name": "Connected", "tags": ["system-resolves-a-correctly", "system-ipv4-stable-90d", "system-resolves-aaaa-correctly", "system-ipv4-works", "system-ipv6-capable", "system-ipv6-ula", "system-ipv4-capable", "system-software", "home", "wi-fi", "wimax", "system-ipv4-rfc1918"], "asn_v6": null, "is_anchor": false, "is_public": true, "prefix_v6": null}]