[{"asn_v4": 271927, "first_connected": 1662671825, "id": 1004736, "latitude": 6.2905, "longitude": -73.4715, "status": 1, "status_since": 1674691253, "total_uptime": 12721705, "address_v4": "45.176.188.6", "address_v6": "2803:e10:3::3003", "country_code": "CO", "day": "20230205", "prefix_v4": "45.176.188.0/24", "probe": "https://atlas.ripe.net/api/v2/probes/1004736/", "status_name": "Connected", "tags": ["system-resolves-aaaa-correctly", "system-resolves-a-correctly", "system-ipv6-doesnt-work", "system-ipv4-works", "system-software", "system-ipv6-capable", "system-ipv4-capable", "ipv6", "ftth", "native-ipv6", "ipv6-only", "dual-stack", "probe-v3", "wi-fi", "isp", "known-ipv6-issues", "raspberry-pi", "nat", "ixp", "home", "pi-hole", "wireless-isp", "fibre", "native-ipv4"], "asn_v6": null, "is_anchor": false, "is_public": true, "prefix_v6": null}, {"asn_v4": 263405, "asn_v6": 263405, "first_connected": 1668531773, "id": 1004984, "latitude": -19.5605, "longitude": -42.5985, "status": 1, "status_since": 1675624942, "total_uptime": 7087318, "address_v4": "128.201.2.120", "address_v6": "2804:15b4:200:d328:f7fb:716:94ab:f56e", "country_code": "BR", "day": "20230205", "prefix_v4": "128.201.2.0/24", "prefix_v6": "2804:15b4::/32", "probe": "https://atlas.ripe.net/api/v2/probes/1004984/", "status_name": "Connected", "tags": ["system-resolves-a-correctly", "system-ipv4-stable-30d", "system-ipv6-works", "system-ipv6-capable", "ipv6", "ipv4", "cgn", "dual-stack", "native-ipv6", "wi-fi", "pppoe", "nat", "gpon", "home", "fibre", "docker", "system-resolves-aaaa-correctly", "system-ipv4-works", "system-software", "system-ipv4-rfc1918", "system-ipv4-capable", "system-auto-geoip-city"], "is_anchor": false, "is_public": true}, {"asn_v4": 21826, "first_connected": 1379694646, "id": 12102, "latitude": 10.0785, "longitude": -69.3125, "status": 1, "status_since": 1675643635, "total_uptime": 77035558, "address_v4": "190.142.231.46", "country_code": "VE", "day": "20230205", "prefix_v4": "190.142.192.0/18", "probe": "https://atlas.ripe.net/api/v2/probes/12102/", "status_name": "Connected", "tags": ["system-resolves-aaaa-correctly", "system-resolves-a-correctly", "system-ipv4-works", "wi-fi", "home", "fibre", "nat", "system-v3", "system-ipv4-rfc1918", "system-ipv4-capable"], "address_v6": null, "asn_v6": null, "is_anchor": false, "is_public": true, "prefix_v6": null}, {"asn_v4": 27699, "asn_v6": 18881, "first_connected": 1447974353, "id": 24628, "latitude": -23.6685, "longitude": -46.7415, "status": 1, "status_since": 1675136154, "total_uptime": 223469939, "address_v4": "187.56.98.101", "address_v6": "2804:1b3:a241:1825:c66e:1fff:fe5b:e302", "country_code": "BR", "day": "20230205", "prefix_v4": "187.56.0.0/16", "prefix_v6": "2804:1b3:a000::/37", "probe": "https://atlas.ripe.net/api/v2/probes/24628/", "status_name": "Connected", "tags": ["system-ipv4-stable-1d", "system-resolves-a-correctly", "system-resolves-aaaa-correctly", "system-ipv4-stable-90d", "system-ipv6-capable", "system-ipv4-stable-30d", "fibre", "gpon", "docsis-31", "ftth", "system-ipv6-works", "system-ipv4-works", "system-ipv4-capable", "probe-v3", "home", "nat", "native-ipv6", "ipv4", "ipv6", "system-v3", "native-ipv4", "system-ipv4-rfc1918", "ipv6nat", "wi-fi"], "is_anchor": false, "is_public": true}]