[{"asn_v4": 33763, "first_connected": 1585008095, "id": 1000327, "latitude": -22.5595, "longitude": 17.0685, "status": 1, "status_since": 1675349595, "total_uptime": 88530889, "address_v4": "160.242.14.157", "address_v6": "fd30:a2c2:18ed:bd00:49f1:5544:1f43:cf66", "country_code": "NA", "day": "20230205", "prefix_v4": "160.242.0.0/20", "probe": "https://atlas.ripe.net/api/v2/probes/1000327/", "status_name": "Connected", "tags": ["system-resolves-a-correctly", "system-ipv4-stable-90d", "system-resolves-aaaa-correctly", "system-ipv4-works", "system-ipv6-capable", "system-ipv6-ula", "system-ipv4-capable", "system-software", "home", "wi-fi", "wimax", "system-ipv4-rfc1918"], "asn_v6": null, "is_anchor": false, "is_public": true, "prefix_v6": null}, {"asn_v4": 4764, "asn_v6": 4764, "first_connected": 1672650630, "id": 1005159, "latitude": -31.9485, "longitude": 115.8395, "status": 1, "status_since": 1675280077, "total_uptime": 2997020, "address_v4": "180.150.121.91", "address_v6": "2403:580e:7fff:14:e708:4f0f:7427:cc05", "country_code": "AU", "day": "20230205", "prefix_v4": "180.150.121.0/24", "prefix_v6": "2403:5800::/27", "probe": "https://atlas.ripe.net/api/v2/probes/1005159/", "status_name": "Connected", "tags": ["system-ipv6-stable-1d", "system-ipv4-stable-1d", "system-resolves-aaaa-correctly", "system-resolves-a-correctly", "system-ipv6-works", "system-ipv4-works", "dual-stack", "wi-fi", "vdsl2", "pppoe", "home", "turris-omnia", "system-software", "system-ipv6-capable", "system-ipv4-capable"], "is_anchor": false, "is_public": true}, {"asn_v4": 14593, "asn_v6": 14593, "first_connected": 1418020384, "id": 19983, "latitude": -37.8315, "longitude": 145.6815, "status": 1, "status_since": 1675360738, "total_uptime": 106715769, "address_v4": "206.83.119.89", "address_v6": "2406:2d40:4024:a600:c24a:ff:fe09:45b4", "country_code": "AU", "day": "20230205", "prefix_v4": "206.83.112.0/21", "prefix_v6": "2406:2d40:4000::/38", "probe": "https://atlas.ripe.net/api/v2/probes/19983/", "status_name": "Connected", "tags": ["system-ipv4-stable-30d", "system-ipv6-stable-1d", "system-ipv4-stable-1d", "system-resolves-aaaa-correctly", "system-resolves-a-correctly", "system-ipv6-works", "system-ipv4-works", "system-ipv4-rfc1918", "system-ipv6-capable", "system-ipv4-capable", "dual-stack", "ipv6-tunnel", "ipv6", "starlink", "home", "satellite", "double-nat", "probe-v3", "ipv4", "system-v3", "system-wifi"], "is_anchor": false, "is_public": true}]