[{"asn_v4": 37705, "first_connected": 1575731340, "id": 55428, "latitude": 35.5115, "longitude": 11.0385, "status": 1, "status_since": 1675612665, "total_uptime": 98272255, "address_v4": "197.238.70.245", "country_code": "TN", "day": "20230205", "prefix_v4": "197.238.0.0/17", "probe": "https://atlas.ripe.net/api/v2/probes/55428/", "status_name": "Connected", "tags": ["vdsl2", "vdsl", "home", "system-resolves-aaaa-correctly", "system-resolves-a-correctly", "system-ipv4-works", "system-ipv4-capable", "system-ipv4-rfc1918", "system-v4"], "address_v6": null, "asn_v6": null, "is_anchor": false, "is_public": true, "prefix_v6": null}]