[
    {
        "asn_v4": 14593,
        "first_connected": 1605950914,
        "id": 1001356,
        "latitude": 49.9605,
        "longitude": 4.9295,
        "status": 1,
        "status_since": 1675546868,
        "total_uptime": 66556755,
        "address_v4": "145.224.99.186",
        "country_code": "BE",
        "day": "20230205",
        "prefix_v4": "145.224.96.0/21",
        "probe": "https://atlas.ripe.net/api/v2/probes/1001356/",
        "status_name": "Connected",
        "tags": [
            "system-resolves-aaaa-correctly",
            "system-resolves-a-correctly",
            "system-ipv4-works",
            "home",
            "nat",
            "ipv4",
            "system-ipv4-rfc1918",
            "system-software",
            "system-ipv4-capable"
        ],
        "address_v6": null,
        "asn_v6": null,
        "is_anchor": false,
        "is_public": true,
        "prefix_v6": null
    },
    {
        "asn_v4": 14593,
        "first_connected": 1619430702,
        "id": 1002289,
        "latitude": 48.2015,
        "longitude": 11.2415,
        "status": 1,
        "status_since": 1675432845,
        "total_uptime": 54384772,
        "address_v4": "145.224.73.48",
        "address_v6": "fd00:a1a3::2",
        "country_code": "DE",
        "day": "20230205",
        "prefix_v4": "145.224.72.0/21",
        "probe": "https://atlas.ripe.net/api/v2/probes/1002289/",
        "status_name": "Connected",
        "tags": [
            "system-ipv6-works",
            "system-resolves-aaaa-correctly",
            "system-resolves-a-correctly",
            "system-ipv4-works",
            "raspberry-pi",
            "cgn",
            "dual-stack",
            "satellite",
            "native-ipv6",
            "system-ipv4-capable",
            "system-ipv6-capable",
            "system-ipv6-ula",
            "system-ipv4-rfc1918",
            "system-software",
            "starlink"
        ],
        "asn_v6": null,
        "is_anchor": false,
        "is_public": true,
        "prefix_v6": null
    },
    {
        "asn_v4": 14593,
        "first_connected": 1627813234,
        "id": 1002750,
        "latitude": 53.7475,
        "longitude": 12.3395,
        "status": 1,
        "status_since": 1675399569,
        "total_uptime": 41367617,
        "address_v4": "145.224.73.167",
        "country_code": "DE",
        "day": "20230205",
        "prefix_v4": "145.224.72.0/21",
        "probe": "https://atlas.ripe.net/api/v2/probes/1002750/",
        "status_name": "Connected",
        "tags": [
            "system-ipv4-stable-90d",
            "system-ipv4-works",
            "system-resolves-aaaa-correctly",
            "system-resolves-a-correctly",
            "system-ipv4-rfc1918",
            "system-ipv4-capable",
            "system-software",
            "starlink",
            "satellite",
            "raspberry-pi"
        ],
        "address_v6": null,
        "asn_v6": null,
        "is_anchor": false,
        "is_public": true,
        "prefix_v6": null
    },
    {
        "asn_v4": 14593,
        "first_connected": 1636110919,
        "id": 1003131,
        "latitude": 50.6675,
        "longitude": 4.6185,
        "status": 1,
        "status_since": 1675397899,
        "total_uptime": 39252738,
        "address_v4": "145.224.99.23",
        "address_v6": "fda1:5352:2f17::1",
        "country_code": "BE",
        "day": "20230205",
        "prefix_v4": "145.224.96.0/21",
        "probe": "https://atlas.ripe.net/api/v2/probes/1003131/",
        "status_name": "Connected",
        "tags": [
            "system-ipv4-works",
            "system-ipv4-rfc1918",
            "system-ipv6-ula",
            "system-resolves-aaaa-correctly",
            "system-resolves-a-correctly",
            "office",
            "satellite",
            "system-software",
            "system-ipv6-capable",
            "system-ipv4-capable"
        ],
        "asn_v6": null,
        "is_anchor": false,
        "is_public": true,
        "prefix_v6": null
    },
    {
        "asn_v4": 14593,
        "first_connected": 1647882728,
        "id": 1003898,
        "latitude": 52.4415,
        "longitude": 4.8315,
        "status": 1,
        "status_since": 1675634174,
        "total_uptime": 21315681,
        "address_v4": "145.224.81.134",
        "country_code": "NL",
        "day": "20230205",
        "prefix_v4": "145.224.80.0/21",
        "probe": "https://atlas.ripe.net/api/v2/probes/1003898/",
        "status_name": "Connected",
        "tags": [
            "system-resolves-aaaa-correctly",
            "system-resolves-a-correctly",
            "system-ipv4-works",
            "system-software",
            "system-ipv4-rfc1918",
            "system-ipv4-capable",
            "home",
            "satellite"
        ],
        "address_v6": null,
        "asn_v6": null,
        "is_anchor": false,
        "is_public": true,
        "prefix_v6": null
    },
    {
        "asn_v4": 1267,
        "asn_v6": 14593,
        "first_connected": 1662232318,
        "id": 1004701,
        "latitude": 45.9775,
        "longitude": 11.0975,
        "status": 1,
        "status_since": 1675645884,
        "total_uptime": 13093136,
        "address_v4": "151.46.51.97",
        "address_v6": "2a0d:3344:1b52:cc10:ec21:68ff:fe41:a703",
        "country_code": "IT",
        "day": "20230205",
        "prefix_v4": "151.46.0.0/16",
        "prefix_v6": "2a0d:3344:1800::/38",
        "probe": "https://atlas.ripe.net/api/v2/probes/1004701/",
        "status_name": "Connected",
        "tags": [
            "system-ipv6-doesnt-work",
            "system-ipv6-capable",
            "homelab",
            "system-resolves-aaaa-correctly",
            "system-resolves-a-correctly",
            "system-ipv4-works",
            "ipv4",
            "cgn",
            "4g",
            "nat",
            "lte",
            "home",
            "mobile",
            "system-software",
            "system-ipv4-rfc1918",
            "system-ipv4-capable"
        ],
        "is_anchor": false,
        "is_public": true
    },
    {
        "asn_v4": 14593,
        "asn_v6": 14593,
        "first_connected": 1666182445,
        "id": 1004876,
        "latitude": 45.2505,
        "longitude": 8.8605,
        "status": 1,
        "status_since": 1675306327,
        "total_uptime": 8982443,
        "address_v4": "145.224.104.63",
        "address_v6": "2a0d:3344:1b6a:4801:0:242:ac11:2",
        "country_code": "IT",
        "day": "20230205",
        "prefix_v4": "145.224.104.0/22",
        "prefix_v6": "2a0d:3344:1800::/38",
        "probe": "https://atlas.ripe.net/api/v2/probes/1004876/",
        "status_name": "Connected",
        "tags": [
            "system-ipv4-stable-90d",
            "homelab",
            "system-ipv6-works",
            "ipv6",
            "system-ipv6-capable",
            "home",
            "docker",
            "system-ipv4-stable-30d",
            "system-resolves-aaaa-correctly",
            "system-resolves-a-correctly",
            "system-ipv4-works",
            "ipv4",
            "starlink",
            "nat",
            "satellite",
            "system-software",
            "system-ipv4-rfc1918",
            "system-ipv4-capable"
        ],
        "is_anchor": false,
        "is_public": true
    },
    {
        "asn_v4": 1267,
        "asn_v6": 14593,
        "first_connected": 1668458889,
        "id": 1004978,
        "latitude": 45.9815,
        "longitude": 11.1005,
        "status": 1,
        "status_since": 1675644989,
        "total_uptime": 7064581,
        "address_v4": "151.46.51.97",
        "address_v6": "2a0d:3344:1b52:cc10:1ce8:a1ff:fe8c:719c",
        "country_code": "IT",
        "day": "20230205",
        "prefix_v4": "151.46.0.0/16",
        "prefix_v6": "2a0d:3344:1800::/38",
        "probe": "https://atlas.ripe.net/api/v2/probes/1004978/",
        "status_name": "Connected",
        "tags": [
            "system-ipv6-works",
            "system-ipv6-capable",
            "ipv6",
            "system-resolves-aaaa-correctly",
            "system-resolves-a-correctly",
            "system-ipv4-works",
            "ipv4",
            "homelab",
            "starlink",
            "nat",
            "home",
            "satellite",
            "native-ipv4",
            "system-software",
            "system-ipv4-rfc1918",
            "system-ipv4-capable"
        ],
        "is_anchor": false,
        "is_public": true
    },
    {
        "asn_v4": 14593,
        "first_connected": 1382517843,
        "id": 13040,
        "latitude": 44.4075,
        "longitude": 6.4495,
        "status": 1,
        "status_since": 1675491352,
        "total_uptime": 215081760,
        "address_v4": "145.224.77.87",
        "country_code": "FR",
        "day": "20230205",
        "prefix_v4": "145.224.72.0/21",
        "probe": "https://atlas.ripe.net/api/v2/probes/13040/",
        "status_name": "Connected",
        "tags": [
            "system-ipv4-stable-90d",
            "system-ipv4-stable-30d",
            "system-resolves-aaaa-correctly",
            "system-resolves-a-correctly",
            "system-ipv4-works",
            "system-ipv4-rfc1918",
            "system-ipv4-capable",
            "dsl",
            "home",
            "nat",
            "system-v3"
        ],
        "address_v6": null,
        "asn_v6": null,
        "is_anchor": false,
        "is_public": true,
        "prefix_v6": null
    },
    {
        "asn_v4": 14593,
        "first_connected": 1384602897,
        "id": 13851,
        "latitude": 51.9475,
        "longitude": 4.4495,
        "status": 1,
        "status_since": 1675606264,
        "total_uptime": 199959293,
        "address_v4": "145.224.81.134",
        "country_code": "NL",
        "day": "20230205",
        "prefix_v4": "145.224.80.0/21",
        "probe": "https://atlas.ripe.net/api/v2/probes/13851/",
        "status_name": "Connected",
        "tags": [
            "system-ipv4-rfc1918",
            "system-resolves-aaaa-correctly",
            "system-resolves-a-correctly",
            "system-ipv4-works",
            "nat",
            "system-v3",
            "system-ipv4-capable"
        ],
        "address_v6": null,
        "asn_v6": null,
        "is_anchor": false,
        "is_public": true,
        "prefix_v6": null
    },
    {
        "asn_v4": 14593,
        "first_connected": 1402600627,
        "id": 15623,
        "latitude": 42.8885,
        "longitude": -4.9615,
        "status": 1,
        "status_since": 1675622167,
        "total_uptime": 132421080,
        "address_v4": "145.224.124.69",
        "address_v6": "fdeb:851d:b7ff:0:6666:b3ff:feb0:aafa",
        "country_code": "ES",
        "day": "20230205",
        "prefix_v4": "145.224.124.0/22",
        "probe": "https://atlas.ripe.net/api/v2/probes/15623/",
        "status_name": "Connected",
        "tags": [
            "system-resolves-aaaa-correctly",
            "system-resolves-a-correctly",
            "system-ipv4-works",
            "system-ipv6-ula",
            "system-ipv6-capable",
            "system-ipv4-rfc1918",
            "cable",
            "home",
            "system-v3",
            "system-ipv4-capable"
        ],
        "asn_v6": null,
        "is_anchor": false,
        "is_public": true,
        "prefix_v6": null
    },
    {
        "asn_v4": 14593,
        "first_connected": 1434706332,
        "id": 17979,
        "latitude": 55.6815,
        "longitude": -2.7895,
        "status": 1,
        "status_since": 1675486606,
        "total_uptime": 216125705,
        "address_v4": "145.224.66.190",
        "country_code": "GB",
        "day": "20230205",
        "prefix_v4": "145.224.64.0/21",
        "probe": "https://atlas.ripe.net/api/v2/probes/17979/",
        "status_name": "Connected",
        "tags": [
            "system-resolves-aaaa-correctly",
            "system-resolves-a-correctly",
            "system-ipv4-works",
            "system-ipv4-rfc1918",
            "home",
            "nat",
            "native-ipv6",
            "vdsl",
            "ipv4",
            "ipv6",
            "system-v3",
            "system-ipv4-capable"
        ],
        "address_v6": null,
        "asn_v6": null,
        "is_anchor": false,
        "is_public": true,
        "prefix_v6": null
    },
    {
        "asn_v4": 14593,
        "first_connected": 1417965697,
        "id": 20544,
        "latitude": 53.8295,
        "longitude": 18.0395,
        "status": 1,
        "status_since": 1675607466,
        "total_uptime": 212105523,
        "address_v4": "91.102.183.235",
        "country_code": "PL",
        "day": "20230205",
        "prefix_v4": "91.102.182.0/23",
        "probe": "https://atlas.ripe.net/api/v2/probes/20544/",
        "status_name": "Connected",
        "tags": [
            "satellite",
            "starlink",
            "system-ipv4-stable-30d",
            "system-ipv4-stable-90d",
            "system-resolves-aaaa-correctly",
            "system-resolves-a-correctly",
            "system-ipv4-works",
            "system-ipv4-rfc1918",
            "home",
            "nat",
            "system-v3",
            "system-ipv4-capable",
            "probe-v3"
        ],
        "address_v6": null,
        "asn_v6": null,
        "is_anchor": false,
        "is_public": true,
        "prefix_v6": null
    },
    {
        "asn_v4": 14593,
        "first_connected": 1437073833,
        "id": 21965,
        "latitude": 49.3595,
        "longitude": 16.4605,
        "status": 1,
        "status_since": 1675610440,
        "total_uptime": 226653224,
        "country_code": "CZ",
        "day": "20230205",
        "prefix_v4": "145.224.104.0/22",
        "probe": "https://atlas.ripe.net/api/v2/probes/21965/",
        "status_name": "Connected",
        "tags": [
            "system-resolves-aaaa-correctly",
            "system-resolves-a-correctly",
            "system-ipv4-works",
            "mobile",
            "system-v3",
            "system-ipv4-capable",
            "system-ipv4-rfc1918"
        ],
        "address_v4": null,
        "address_v6": null,
        "asn_v6": null,
        "is_anchor": false,
        "is_public": false,
        "prefix_v6": null
    },
    {
        "asn_v4": 14593,
        "asn_v6": 14593,
        "first_connected": 1542231734,
        "id": 35681,
        "latitude": 47.1375,
        "longitude": 15.4515,
        "status": 1,
        "status_since": 1675607409,
        "total_uptime": 100275567,
        "address_v4": "145.224.98.0",
        "address_v6": "2a0d:3344:189b:8100:c225:e9ff:febb:10e6",
        "country_code": "AT",
        "day": "20230205",
        "prefix_v4": "145.224.96.0/21",
        "prefix_v6": "2a0d:3344:1800::/38",
        "probe": "https://atlas.ripe.net/api/v2/probes/35681/",
        "status_name": "Connected",
        "tags": [
            "system-ipv6-works",
            "system-ipv4-stable-90d",
            "system-resolves-aaaa-correctly",
            "system-resolves-a-correctly",
            "system-ipv4-works",
            "system-ipv4-stable-30d",
            "system-ipv4-capable",
            "wireless-isp",
            "ipv4",
            "ipv6",
            "native-ipv6",
            "home",
            "system-v3",
            "system-ipv6-capable",
            "system-ipv4-rfc1918",
            "nat",
            "satellite",
            "starlink"
        ],
        "is_anchor": false,
        "is_public": true
    },
    {
        "asn_v4": 14593,
        "asn_v6": 14593,
        "first_connected": 1530368329,
        "id": 50008,
        "latitude": 48.2215,
        "longitude": 11.2575,
        "status": 1,
        "status_since": 1675607420,
        "total_uptime": 139976617,
        "address_v4": "145.224.73.48",
        "address_v6": "2a0d:3344:156a:c002:1:76ff:fed8:6526",
        "country_code": "DE",
        "day": "20230205",
        "prefix_v4": "145.224.72.0/21",
        "prefix_v6": "2a0d:3344:1400::/38",
        "probe": "https://atlas.ripe.net/api/v2/probes/50008/",
        "status_name": "Connected",
        "tags": [
            "system-ipv6-works",
            "system-ipv6-capable",
            "system-resolves-aaaa-correctly",
            "system-resolves-a-correctly",
            "system-ipv4-works",
            "system-ipv4-capable",
            "system-ipv4-rfc1918",
            "native-ipv6",
            "system-v4",
            "starlink",
            "satellite"
        ],
        "is_anchor": false,
        "is_public": true
    },
    {
        "asn_v4": 14593,
        "first_connected": 1577218156,
        "id": 54088,
        "latitude": 43.8315,
        "longitude": 4.3215,
        "status": 1,
        "status_since": 1675397266,
        "total_uptime": 92612918,
        "address_v4": "145.224.125.96",
        "address_v6": "fd4b:27c0:9c53:0:1:e8ff:fee4:626f",
        "country_code": "FR",
        "day": "20230205",
        "prefix_v4": "145.224.124.0/22",
        "probe": "https://atlas.ripe.net/api/v2/probes/54088/",
        "status_name": "Connected",
        "tags": [
            "system-ipv4-stable-1d",
            "system-ipv4-stable-30d",
            "system-resolves-aaaa-correctly",
            "system-resolves-a-correctly",
            "system-ipv4-works",
            "system-ipv6-ula",
            "system-ipv6-capable",
            "system-ipv4-capable",
            "system-ipv4-rfc1918",
            "system-v4"
        ],
        "asn_v6": null,
        "is_anchor": false,
        "is_public": true,
        "prefix_v6": null
    },
    {
        "asn_v4": 14593,
        "asn_v6": 14593,
        "first_connected": 1668600671,
        "id": 60323,
        "latitude": 49.7285,
        "longitude": 10.1485,
        "status": 1,
        "status_since": 1675607612,
        "total_uptime": 7036544,
        "address_v4": "145.224.72.5",
        "address_v6": "2a0d:3344:1525:ce10:da58:d7ff:fe03:268",
        "country_code": "DE",
        "day": "20230205",
        "prefix_v4": "145.224.72.0/21",
        "prefix_v6": "2a0d:3344:1400::/38",
        "probe": "https://atlas.ripe.net/api/v2/probes/60323/",
        "status_name": "Connected",
        "tags": [
            "system-ipv6-works",
            "system-ipv6-capable",
            "system-resolves-aaaa-correctly",
            "system-resolves-a-correctly",
            "system-ipv4-rfc1918",
            "system-ipv4-capable",
            "system-ipv4-works",
            "ipv4",
            "cgn",
            "homelab",
            "starlink",
            "known-ipv6-issues",
            "nat",
            "office",
            "satellite",
            "system-v5"
        ],
        "is_anchor": false,
        "is_public": true
    },
    {
        "asn_v4": 14593,
        "first_connected": 1673693898,
        "id": 60328,
        "latitude": 51.5215,
        "longitude": -1.7915,
        "status": 1,
        "status_since": 1675486416,
        "total_uptime": 1950694,
        "address_v4": "145.224.66.139",
        "country_code": "GB",
        "day": "20230205",
        "prefix_v4": "145.224.64.0/21",
        "probe": "https://atlas.ripe.net/api/v2/probes/60328/",
        "status_name": "Connected",
        "tags": [
            "system-ipv4-stable-1d",
            "system-ipv4-rfc1918",
            "system-resolves-aaaa-correctly",
            "system-resolves-a-correctly",
            "system-ipv4-works",
            "system-ipv4-capable",
            "system-v5"
        ],
        "address_v6": null,
        "asn_v6": null,
        "is_anchor": false,
        "is_public": true,
        "prefix_v6": null
    },
    {
        "asn_v4": 14593,
        "first_connected": 1668510599,
        "id": 61241,
        "latitude": 48.7475,
        "longitude": 2.4895,
        "status": 1,
        "status_since": 1675486397,
        "total_uptime": 7083147,
        "address_v4": "145.224.88.70",
        "country_code": "FR",
        "day": "20230205",
        "prefix_v4": "145.224.88.0/22",
        "probe": "https://atlas.ripe.net/api/v2/probes/61241/",
        "status_name": "Connected",
        "tags": [
            "system-ipv4-stable-30d",
            "satellite",
            "system-resolves-aaaa-correctly",
            "system-resolves-a-correctly",
            "system-ipv4-works",
            "system-ipv4-rfc1918",
            "system-ipv4-capable",
            "system-v5"
        ],
        "address_v6": null,
        "asn_v6": null,
        "is_anchor": false,
        "is_public": true,
        "prefix_v6": null
    },
    {
        "asn_v4": 14593,
        "asn_v6": 14593,
        "first_connected": 1669221538,
        "id": 61366,
        "latitude": 51.5105,
        "longitude": -0.1295,
        "status": 1,
        "status_since": 1675486688,
        "total_uptime": 6419509,
        "address_v4": "145.224.65.49",
        "address_v6": "2a0d:3344:191:3b10:da58:d7ff:fe03:382",
        "country_code": "GB",
        "day": "20230205",
        "prefix_v4": "145.224.64.0/21",
        "prefix_v6": "2a0d:3344::/38",
        "probe": "https://atlas.ripe.net/api/v2/probes/61366/",
        "status_name": "Connected",
        "tags": [
            "system-ipv4-capable",
            "system-ipv6-works",
            "system-resolves-aaaa-correctly",
            "system-resolves-a-correctly",
            "system-ipv4-works",
            "system-ipv4-rfc1918",
            "system-ipv6-capable",
            "system-v5"
        ],
        "is_anchor": false,
        "is_public": true
    },
    {
        "asn_v4": 14593,
        "first_connected": 1669759774,
        "id": 61498,
        "latitude": 40.4215,
        "longitude": -3.6885,
        "status": 1,
        "status_since": 1675632739,
        "total_uptime": 5254001,
        "address_v4": "145.224.124.35",
        "country_code": "ES",
        "day": "20230205",
        "prefix_v4": "145.224.124.0/22",
        "probe": "https://atlas.ripe.net/api/v2/probes/61498/",
        "status_name": "Connected",
        "tags": [
            "system-ipv4-stable-30d",
            "system-resolves-aaaa-correctly",
            "system-resolves-a-correctly",
            "system-ipv4-works",
            "system-ipv4-rfc1918",
            "system-ipv4-capable",
            "system-auto-geoip-city",
            "system-v5"
        ],
        "address_v6": null,
        "asn_v6": null,
        "is_anchor": false,
        "is_public": true,
        "prefix_v6": null
    },
    {
        "asn_v4": 14593,
        "asn_v6": 12322,
        "first_connected": 1668683494,
        "id": 62843,
        "latitude": 43.8485,
        "longitude": 1.3995,
        "status": 1,
        "status_since": 1675439822,
        "total_uptime": 6947248,
        "address_v4": "145.224.88.16",
        "address_v6": "2a01:e0a:b19:1810:da58:d7ff:fe03:194",
        "country_code": "FR",
        "day": "20230205",
        "prefix_v4": "145.224.88.0/22",
        "prefix_v6": "2a01:e00::/26",
        "probe": "https://atlas.ripe.net/api/v2/probes/62843/",
        "status_name": "Connected",
        "tags": [
            "system-ipv6-doesnt-work",
            "system-ipv4-stable-30d",
            "system-resolves-aaaa-correctly",
            "system-resolves-a-correctly",
            "system-ipv4-works",
            "system-ipv4-rfc1918",
            "system-ipv6-capable",
            "system-ipv4-capable",
            "satellite",
            "starlink",
            "system-v5"
        ],
        "is_anchor": false,
        "is_public": true
    }
]