[
    {
        "asn_v4": 14593,
        "first_connected": 1656438139,
        "id": 1004453,
        "latitude": -33.8715,
        "longitude": 151.1995,
        "status": 1,
        "status_since": 1675572227,
        "total_uptime": 16218842,
        "address_v4": "206.83.113.18",
        "country_code": "AU",
        "day": "20230205",
        "prefix_v4": "206.83.112.0/21",
        "probe": "https://atlas.ripe.net/api/v2/probes/1004453/",
        "status_name": "Connected",
        "tags": [
            "system-ipv4-stable-1d",
            "system-ipv4-stable-90d",
            "system-ipv4-stable-30d",
            "system-resolves-aaaa-correctly",
            "system-resolves-a-correctly",
            "system-ipv4-works",
            "system-software",
            "system-ipv4-rfc1918",
            "system-ipv4-capable",
            "system-auto-geoip-city"
        ],
        "address_v6": null,
        "asn_v6": null,
        "is_anchor": false,
        "is_public": true,
        "prefix_v6": null
    },
    {
        "asn_v4": 14593,
        "asn_v6": 14593,
        "first_connected": 1418020384,
        "id": 19983,
        "latitude": -37.8315,
        "longitude": 145.6815,
        "status": 1,
        "status_since": 1675360738,
        "total_uptime": 106715769,
        "address_v4": "206.83.119.89",
        "address_v6": "2406:2d40:4024:a600:c24a:ff:fe09:45b4",
        "country_code": "AU",
        "day": "20230205",
        "prefix_v4": "206.83.112.0/21",
        "prefix_v6": "2406:2d40:4000::/38",
        "probe": "https://atlas.ripe.net/api/v2/probes/19983/",
        "status_name": "Connected",
        "tags": [
            "system-ipv4-stable-30d",
            "system-ipv6-stable-1d",
            "system-ipv4-stable-1d",
            "system-resolves-aaaa-correctly",
            "system-resolves-a-correctly",
            "system-ipv6-works",
            "system-ipv4-works",
            "system-ipv4-rfc1918",
            "system-ipv6-capable",
            "system-ipv4-capable",
            "dual-stack",
            "ipv6-tunnel",
            "ipv6",
            "starlink",
            "home",
            "satellite",
            "double-nat",
            "probe-v3",
            "ipv4",
            "system-v3",
            "system-wifi"
        ],
        "is_anchor": false,
        "is_public": true
    },
    {
        "asn_v4": 14593,
        "first_connected": 1449363181,
        "id": 24742,
        "latitude": -38.1815,
        "longitude": 146.2495,
        "status": 1,
        "status_since": 1675465102,
        "total_uptime": 42563592,
        "address_v4": "206.83.122.220",
        "country_code": "AU",
        "day": "20230205",
        "prefix_v4": "206.83.120.0/22",
        "probe": "https://atlas.ripe.net/api/v2/probes/24742/",
        "status_name": "Connected",
        "tags": [
            "system-ipv4-stable-1d",
            "system-resolves-aaaa-correctly",
            "system-resolves-a-correctly",
            "system-ipv4-works",
            "home",
            "nat",
            "native-ipv6",
            "ipv4",
            "ipv6",
            "system-v3",
            "system-ipv4-capable",
            "system-ipv4-rfc1918"
        ],
        "address_v6": null,
        "asn_v6": null,
        "is_anchor": false,
        "is_public": true,
        "prefix_v6": null
    },
    {
        "asn_v4": 4739,
        "asn_v6": 14593,
        "first_connected": 1505812789,
        "id": 32314,
        "latitude": -35.4705,
        "longitude": 149.0875,
        "status": 1,
        "status_since": 1675573069,
        "total_uptime": 162847355,
        "country_code": "AU",
        "day": "20230205",
        "prefix_v4": "59.167.0.0/16",
        "prefix_v6": "2406:2d40:4000::/38",
        "probe": "https://atlas.ripe.net/api/v2/probes/32314/",
        "status_name": "Connected",
        "tags": [
            "system-resolves-aaaa-correctly",
            "system-resolves-a-correctly",
            "system-ipv6-doesnt-work",
            "system-ipv4-works",
            "system-ipv6-capable",
            "system-ipv4-capable",
            "system-v3"
        ],
        "address_v4": null,
        "address_v6": null,
        "is_anchor": false,
        "is_public": false
    },
    {
        "asn_v4": 14593,
        "first_connected": 1579091794,
        "id": 52955,
        "latitude": -37.0105,
        "longitude": 175.8595,
        "status": 1,
        "status_since": 1675361447,
        "total_uptime": 93304877,
        "address_v4": "206.83.102.118",
        "country_code": "NZ",
        "day": "20230205",
        "prefix_v4": "206.83.96.0/21",
        "probe": "https://atlas.ripe.net/api/v2/probes/52955/",
        "status_name": "Connected",
        "tags": [
            "system-ipv4-stable-1d",
            "system-ipv4-rfc1918",
            "system-resolves-aaaa-correctly",
            "system-resolves-a-correctly",
            "system-ipv4-works",
            "starlink",
            "satellite",
            "nat",
            "home",
            "ipv4",
            "system-ipv4-capable",
            "system-v4"
        ],
        "address_v6": null,
        "asn_v6": null,
        "is_anchor": false,
        "is_public": true,
        "prefix_v6": null
    },
    {
        "asn_v4": 14593,
        "first_connected": 1671935475,
        "id": 60892,
        "latitude": -33.8715,
        "longitude": 151.2015,
        "status": 1,
        "status_since": 1675361665,
        "total_uptime": 3694001,
        "address_v4": "206.83.123.167",
        "country_code": "AU",
        "day": "20230205",
        "prefix_v4": "206.83.120.0/22",
        "probe": "https://atlas.ripe.net/api/v2/probes/60892/",
        "status_name": "Connected",
        "tags": [
            "system-ipv4-stable-1d",
            "system-ipv4-stable-30d",
            "system-resolves-aaaa-correctly",
            "system-resolves-a-correctly",
            "system-ipv4-works",
            "system-ipv4-rfc1918",
            "system-ipv4-capable",
            "system-auto-geoip-city",
            "system-v5"
        ],
        "address_v6": null,
        "asn_v6": null,
        "is_anchor": false,
        "is_public": true,
        "prefix_v6": null
    }
]