[
    {
        "asn_v4": 14593,
        "first_connected": 1460082025,
        "id": 26834,
        "latitude": -33.0105,
        "longitude": -71.2615,
        "status": 1,
        "status_since": 1675636365,
        "total_uptime": 174047803,
        "address_v4": "138.84.33.58",
        "country_code": "CL",
        "day": "20230205",
        "prefix_v4": "138.84.32.0/22",
        "probe": "https://atlas.ripe.net/api/v2/probes/26834/",
        "status_name": "Connected",
        "tags": [
            "system-resolves-aaaa-correctly",
            "system-resolves-a-correctly",
            "system-ipv4-works",
            "system-ipv4-rfc1918",
            "lte",
            "4g",
            "system-v3",
            "system-ipv4-capable"
        ],
        "address_v6": null,
        "asn_v6": null,
        "is_anchor": false,
        "is_public": true,
        "prefix_v6": null
    }
]