[
    {
        "asn_v4": 14593,
        "first_connected": 1599994326,
        "id": 1001040,
        "latitude": 45.5575,
        "longitude": -122.8705,
        "status": 1,
        "status_since": 1675411100,
        "total_uptime": 25525572,
        "address_v4": "98.97.114.59",
        "country_code": "US",
        "day": "20230205",
        "prefix_v4": "98.97.112.0/21",
        "probe": "https://atlas.ripe.net/api/v2/probes/1001040/",
        "status_name": "Connected",
        "tags": [
            "system-ipv4-stable-1d",
            "system-resolves-aaaa-correctly",
            "system-resolves-a-correctly",
            "system-ipv4-works",
            "system-ipv4-capable",
            "system-ipv4-rfc1918",
            "system-software"
        ],
        "address_v6": null,
        "asn_v6": null,
        "is_anchor": false,
        "is_public": true,
        "prefix_v6": null
    },
    {
        "asn_v4": 14593,
        "first_connected": 1375852144,
        "id": 10743,
        "latitude": 48.4785,
        "longitude": -122.8605,
        "status": 1,
        "status_since": 1675431506,
        "total_uptime": 262247085,
        "address_v4": "98.97.32.151",
        "address_v6": "fd50:dc65:8e90:41c6:a2f3:c1ff:fe96:128c",
        "country_code": "US",
        "day": "20230205",
        "prefix_v4": "98.97.32.0/21",
        "probe": "https://atlas.ripe.net/api/v2/probes/10743/",
        "status_name": "Connected",
        "tags": [
            "system-resolves-aaaa-correctly",
            "system-resolves-a-correctly",
            "system-ipv4-works",
            "system-ipv4-rfc1918",
            "system-ipv6-ula",
            "system-ipv6-capable",
            "satellite",
            "home",
            "nat",
            "system-v3",
            "system-ipv4-capable"
        ],
        "asn_v6": null,
        "is_anchor": false,
        "is_public": true,
        "prefix_v6": null
    },
    {
        "asn_v4": 14593,
        "first_connected": 1378944037,
        "id": 12426,
        "latitude": 40.1205,
        "longitude": -120.9015,
        "status": 1,
        "status_since": 1675507055,
        "total_uptime": 268794263,
        "address_v4": "98.97.35.215",
        "country_code": "US",
        "day": "20230205",
        "prefix_v4": "98.97.32.0/21",
        "probe": "https://atlas.ripe.net/api/v2/probes/12426/",
        "status_name": "Connected",
        "tags": [
            "system-ipv4-stable-1d",
            "system-ipv4-rfc1918",
            "system-ipv4-works",
            "system-resolves-aaaa-correctly",
            "system-resolves-a-correctly",
            "nat",
            "system-v3",
            "system-ipv4-capable"
        ],
        "address_v6": null,
        "asn_v6": null,
        "is_anchor": false,
        "is_public": true,
        "prefix_v6": null
    },
    {
        "asn_v4": 14593,
        "asn_v6": 14593,
        "first_connected": 1436210975,
        "id": 19648,
        "latitude": 47.8115,
        "longitude": -116.9005,
        "status": 1,
        "status_since": 1675409995,
        "total_uptime": 233962372,
        "address_v4": "98.97.33.254",
        "address_v6": "2605:59c8:20:2f14:c24a:ff:fecc:716e",
        "country_code": "US",
        "day": "20230205",
        "prefix_v4": "98.97.32.0/21",
        "prefix_v6": "2605:59c8::/38",
        "probe": "https://atlas.ripe.net/api/v2/probes/19648/",
        "status_name": "Connected",
        "tags": [
            "system-ipv6-works",
            "system-ipv6-capable",
            "system-resolves-aaaa-correctly",
            "system-resolves-a-correctly",
            "system-ipv4-works",
            "system-v3",
            "system-ipv4-capable",
            "system-ipv4-rfc1918"
        ],
        "is_anchor": false,
        "is_public": true
    },
    {
        "asn_v4": 14593,
        "first_connected": 1432681325,
        "id": 22802,
        "latitude": 39.7485,
        "longitude": -105.2225,
        "status": 1,
        "status_since": 1675409963,
        "total_uptime": 241730364,
        "address_v4": "216.147.127.63",
        "country_code": "US",
        "day": "20230205",
        "prefix_v4": "216.147.120.0/21",
        "probe": "https://atlas.ripe.net/api/v2/probes/22802/",
        "status_name": "Connected",
        "tags": [
            "system-ipv4-stable-1d",
            "system-resolves-aaaa-correctly",
            "system-resolves-a-correctly",
            "system-ipv4-works",
            "system-ipv4-stable-90d",
            "system-ipv4-stable-30d",
            "satellite",
            "home",
            "nat",
            "ipv4",
            "system-v3",
            "native-ipv4",
            "system-ipv4-capable",
            "system-ipv4-rfc1918"
        ],
        "address_v6": null,
        "asn_v6": null,
        "is_anchor": false,
        "is_public": true,
        "prefix_v6": null
    },
    {
        "asn_v4": 14593,
        "first_connected": 1439868769,
        "id": 23127,
        "latitude": 43.2505,
        "longitude": -124.3915,
        "status": 1,
        "status_since": 1675411708,
        "total_uptime": 167420679,
        "country_code": "US",
        "day": "20230205",
        "prefix_v4": "98.97.112.0/21",
        "probe": "https://atlas.ripe.net/api/v2/probes/23127/",
        "status_name": "Connected",
        "tags": [
            "system-resolves-a-correctly",
            "system-ipv4-stable-1d",
            "system-resolves-aaaa-correctly",
            "system-ipv4-works",
            "system-ipv4-stable-90d",
            "system-v3",
            "system-ipv4-capable",
            "system-ipv4-rfc1918"
        ],
        "address_v4": null,
        "address_v6": null,
        "asn_v6": null,
        "is_anchor": false,
        "is_public": false,
        "prefix_v6": null
    },
    {
        "asn_v4": 14593,
        "asn_v6": 14593,
        "first_connected": 1288723027,
        "id": 28,
        "latitude": 35.9515,
        "longitude": -115.0215,
        "status": 1,
        "status_since": 1675481972,
        "total_uptime": 271233560,
        "address_v4": "216.147.125.99",
        "address_v6": "2605:59c8:515c:4000:220:4aff:fec8:2455",
        "country_code": "US",
        "day": "20230205",
        "prefix_v4": "216.147.120.0/21",
        "prefix_v6": "2605:59c8:5000::/38",
        "probe": "https://atlas.ripe.net/api/v2/probes/28/",
        "status_name": "Connected",
        "tags": [
            "system-ipv6-stable-1d",
            "system-ipv4-stable-1d",
            "system-ipv4-capable",
            "system-ipv6-works",
            "system-resolves-aaaa-correctly",
            "system-resolves-a-correctly",
            "system-ipv4-works",
            "system-ipv6-capable",
            "cable",
            "nat",
            "native-ipv6",
            "ipv4",
            "ipv6",
            "system-v1",
            "iwantbcp38compliancetesting",
            "system-ipv4-rfc1918"
        ],
        "is_anchor": false,
        "is_public": true
    },
    {
        "asn_v4": 14593,
        "first_connected": 1462631734,
        "id": 28221,
        "latitude": 37.2075,
        "longitude": -107.9815,
        "status": 1,
        "status_since": 1675410002,
        "total_uptime": 130433318,
        "country_code": "US",
        "day": "20230205",
        "prefix_v4": "216.147.120.0/21",
        "probe": "https://atlas.ripe.net/api/v2/probes/28221/",
        "status_name": "Connected",
        "tags": [
            "system-ipv4-stable-1d",
            "system-resolves-aaaa-correctly",
            "system-resolves-a-correctly",
            "system-ipv4-works",
            "system-v3",
            "system-ipv4-capable",
            "system-ipv4-rfc1918"
        ],
        "address_v4": null,
        "address_v6": null,
        "asn_v6": null,
        "is_anchor": false,
        "is_public": false,
        "prefix_v6": null
    },
    {
        "asn_v4": 14593,
        "first_connected": 1520353486,
        "id": 35042,
        "latitude": 45.8985,
        "longitude": -67.0305,
        "status": 1,
        "status_since": 1675532730,
        "total_uptime": 80312770,
        "country_code": "CA",
        "day": "20230205",
        "prefix_v4": "129.222.184.0/21",
        "probe": "https://atlas.ripe.net/api/v2/probes/35042/",
        "status_name": "Connected",
        "tags": [
            "system-resolves-aaaa-correctly",
            "system-resolves-a-correctly",
            "system-ipv4-works",
            "system-ipv4-rfc1918",
            "fibre",
            "nat",
            "ipv4",
            "system-v3",
            "system-ipv4-capable"
        ],
        "address_v4": null,
        "address_v6": null,
        "asn_v6": null,
        "is_anchor": false,
        "is_public": false,
        "prefix_v6": null
    },
    {
        "asn_v4": 14593,
        "first_connected": 1526857079,
        "id": 50017,
        "latitude": 39.1005,
        "longitude": -77.9625,
        "status": 1,
        "status_since": 1675410353,
        "total_uptime": 142226332,
        "address_v4": "129.222.218.1",
        "country_code": "US",
        "day": "20230205",
        "prefix_v4": "129.222.216.0/21",
        "probe": "https://atlas.ripe.net/api/v2/probes/50017/",
        "status_name": "Connected",
        "tags": [
            "system-ipv4-stable-1d",
            "system-resolves-aaaa-correctly",
            "system-resolves-a-correctly",
            "system-ipv4-works",
            "system-ipv4-rfc1918",
            "system-ipv4-capable",
            "system-v4"
        ],
        "address_v6": null,
        "asn_v6": null,
        "is_anchor": false,
        "is_public": true,
        "prefix_v6": null
    },
    {
        "asn_v4": 14593,
        "first_connected": 1632348448,
        "id": 52422,
        "latitude": 43.0085,
        "longitude": -89.2915,
        "status": 1,
        "status_since": 1675406879,
        "total_uptime": 31456371,
        "country_code": "US",
        "day": "20230205",
        "prefix_v4": "98.97.0.0/21",
        "probe": "https://atlas.ripe.net/api/v2/probes/52422/",
        "status_name": "Connected",
        "tags": [
            "system-ipv4-stable-1d",
            "system-ipv4-stable-30d",
            "system-ipv4-stable-90d",
            "system-resolves-aaaa-correctly",
            "system-resolves-a-correctly",
            "system-ipv4-works",
            "system-v4",
            "system-ipv4-capable",
            "system-ipv4-rfc1918"
        ],
        "address_v4": null,
        "address_v6": null,
        "asn_v6": null,
        "is_anchor": false,
        "is_public": false,
        "prefix_v6": null
    },
    {
        "asn_v4": 14593,
        "first_connected": 1612712856,
        "id": 53798,
        "latitude": 36.2115,
        "longitude": -115.9785,
        "status": 1,
        "status_since": 1675553979,
        "total_uptime": 62544029,
        "address_v4": "98.97.63.45",
        "country_code": "US",
        "day": "20230205",
        "prefix_v4": "98.97.56.0/21",
        "probe": "https://atlas.ripe.net/api/v2/probes/53798/",
        "status_name": "Connected",
        "tags": [
            "system-ipv4-stable-1d",
            "system-resolves-aaaa-correctly",
            "system-resolves-a-correctly",
            "system-ipv4-works",
            "system-ipv4-stable-90d",
            "starlink",
            "system-ipv4-stable-30d",
            "system-ipv4-rfc1918",
            "system-ipv4-capable",
            "system-v4"
        ],
        "address_v6": null,
        "asn_v6": null,
        "is_anchor": false,
        "is_public": true,
        "prefix_v6": null
    },
    {
        "asn_v4": 14593,
        "first_connected": 1591398122,
        "id": 54330,
        "latitude": 34.2875,
        "longitude": -94.2715,
        "status": 1,
        "status_since": 1675408130,
        "total_uptime": 74717956,
        "address_v4": "98.97.81.178",
        "country_code": "US",
        "day": "20230205",
        "prefix_v4": "98.97.80.0/21",
        "probe": "https://atlas.ripe.net/api/v2/probes/54330/",
        "status_name": "Connected",
        "tags": [
            "system-ipv4-stable-1d",
            "system-ipv4-stable-30d",
            "system-resolves-aaaa-correctly",
            "system-resolves-a-correctly",
            "system-ipv4-works",
            "system-ipv4-rfc1918",
            "system-v4",
            "system-ipv4-capable"
        ],
        "address_v6": null,
        "asn_v6": null,
        "is_anchor": false,
        "is_public": true,
        "prefix_v6": null
    },
    {
        "asn_v4": 14593,
        "first_connected": 1582823389,
        "id": 55492,
        "latitude": 53.1285,
        "longitude": -113.2085,
        "status": 1,
        "status_since": 1675410322,
        "total_uptime": 80360283,
        "address_v4": "98.97.162.116",
        "country_code": "CA",
        "day": "20230205",
        "prefix_v4": "98.97.160.0/21",
        "probe": "https://atlas.ripe.net/api/v2/probes/55492/",
        "status_name": "Connected",
        "tags": [
            "system-ipv4-stable-1d",
            "system-ipv4-works",
            "system-resolves-aaaa-correctly",
            "system-resolves-a-correctly",
            "system-ipv4-rfc1918",
            "system-ipv4-stable-90d",
            "system-v4",
            "system-ipv4-capable"
        ],
        "address_v6": null,
        "asn_v6": null,
        "is_anchor": false,
        "is_public": true,
        "prefix_v6": null
    },
    {
        "asn_v4": 14593,
        "first_connected": 1670475499,
        "id": 60234,
        "latitude": 40.1095,
        "longitude": -104.9415,
        "status": 1,
        "status_since": 1675411069,
        "total_uptime": 5150410,
        "address_v4": "216.147.125.236",
        "country_code": "US",
        "day": "20230205",
        "prefix_v4": "216.147.120.0/21",
        "probe": "https://atlas.ripe.net/api/v2/probes/60234/",
        "status_name": "Connected",
        "tags": [
            "system-ipv4-stable-1d",
            "system-ipv4-rfc1918",
            "system-resolves-aaaa-correctly",
            "system-resolves-a-correctly",
            "system-ipv4-works",
            "home",
            "ipv4",
            "satellite",
            "system-ipv4-capable",
            "system-v5"
        ],
        "address_v6": null,
        "asn_v6": null,
        "is_anchor": false,
        "is_public": true,
        "prefix_v6": null
    },
    {
        "asn_v4": 14593,
        "first_connected": 1673791221,
        "id": 60510,
        "latitude": 45.4575,
        "longitude": -76.2025,
        "status": 1,
        "status_since": 1675231104,
        "total_uptime": 1852474,
        "address_v4": "129.222.189.19",
        "address_v6": "fd0f:6c90:d5f3:0:da58:d7ff:fe03:b6e",
        "country_code": "CA",
        "day": "20230205",
        "prefix_v4": "129.222.184.0/21",
        "probe": "https://atlas.ripe.net/api/v2/probes/60510/",
        "status_name": "Connected",
        "tags": [
            "system-ipv4-stable-1d",
            "system-resolves-aaaa-correctly",
            "system-resolves-a-correctly",
            "system-ipv4-works",
            "system-ipv4-rfc1918",
            "system-ipv6-ula",
            "system-ipv6-capable",
            "home",
            "satellite",
            "nat",
            "starlink",
            "system-ipv4-capable",
            "system-v5"
        ],
        "asn_v6": null,
        "is_anchor": false,
        "is_public": true,
        "prefix_v6": null
    },
    {
        "asn_v4": 14593,
        "first_connected": 1671902582,
        "id": 60929,
        "latitude": 37.0415,
        "longitude": -121.9915,
        "status": 1,
        "status_since": 1675473571,
        "total_uptime": 3735794,
        "address_v4": "98.97.58.32",
        "country_code": "US",
        "day": "20230205",
        "prefix_v4": "98.97.56.0/21",
        "probe": "https://atlas.ripe.net/api/v2/probes/60929/",
        "status_name": "Connected",
        "tags": [
            "system-resolves-a-correctly",
            "system-resolves-aaaa-correctly",
            "system-ipv4-works",
            "system-ipv4-rfc1918",
            "system-ipv4-capable",
            "ipv4",
            "starlink",
            "no-ipv6",
            "home",
            "satellite",
            "wireless-isp",
            "system-v5"
        ],
        "address_v6": null,
        "asn_v6": null,
        "is_anchor": false,
        "is_public": true,
        "prefix_v6": null
    },
    {
        "asn_v4": 14593,
        "asn_v6": 14593,
        "first_connected": 1669412563,
        "id": 61081,
        "latitude": 34.7175,
        "longitude": -76.6585,
        "status": 1,
        "status_since": 1675326149,
        "total_uptime": 6206494,
        "address_v4": "98.97.182.14",
        "address_v6": "2605:59c8:60f5:d10:da58:d7ff:fe03:583",
        "country_code": "US",
        "day": "20230205",
        "prefix_v4": "98.97.176.0/21",
        "prefix_v6": "2605:59c8:6000::/38",
        "probe": "https://atlas.ripe.net/api/v2/probes/61081/",
        "status_name": "Connected",
        "tags": [
            "system-ipv6-stable-1d",
            "system-ipv4-stable-1d",
            "system-ipv6-works",
            "system-ipv4-works",
            "system-ipv4-rfc1918",
            "system-ipv6-capable",
            "system-resolves-aaaa-correctly",
            "system-resolves-a-correctly",
            "system-ipv4-capable",
            "satellite",
            "starlink",
            "system-v5"
        ],
        "is_anchor": false,
        "is_public": true
    },
    {
        "asn_v4": 14593,
        "first_connected": 1672687248,
        "id": 61113,
        "latitude": 61.5685,
        "longitude": -149.0125,
        "status": 1,
        "status_since": 1675639640,
        "total_uptime": 1963192,
        "address_v4": "98.97.34.219",
        "country_code": "US",
        "day": "20230205",
        "prefix_v4": "98.97.32.0/21",
        "probe": "https://atlas.ripe.net/api/v2/probes/61113/",
        "status_name": "Connected",
        "tags": [
            "system-resolves-aaaa-correctly",
            "system-resolves-a-correctly",
            "system-ipv4-works",
            "openwrt-3",
            "starlink",
            "nat",
            "att",
            "lte",
            "multihomed",
            "home",
            "satellite",
            "adsl",
            "system-ipv4-rfc1918",
            "system-ipv4-capable",
            "system-v5"
        ],
        "address_v6": null,
        "asn_v6": null,
        "is_anchor": false,
        "is_public": true,
        "prefix_v6": null
    },
    {
        "asn_v4": 14593,
        "first_connected": 1670542664,
        "id": 61365,
        "latitude": 36.8495,
        "longitude": -94.3795,
        "status": 1,
        "status_since": 1675613422,
        "total_uptime": 5086719,
        "address_v4": "98.97.81.131",
        "country_code": "US",
        "day": "20230205",
        "prefix_v4": "98.97.80.0/21",
        "probe": "https://atlas.ripe.net/api/v2/probes/61365/",
        "status_name": "Connected",
        "tags": [
            "system-ipv4-rfc1918",
            "system-ipv4-stable-1d",
            "system-resolves-aaaa-correctly",
            "system-resolves-a-correctly",
            "system-ipv4-works",
            "system-ipv4-capable",
            "system-v5"
        ],
        "address_v6": null,
        "asn_v6": null,
        "is_anchor": false,
        "is_public": true,
        "prefix_v6": null
    },
    {
        "asn_v4": 14593,
        "first_connected": 1673381913,
        "id": 61532,
        "latitude": 45.3785,
        "longitude": -92.5015,
        "status": 1,
        "status_since": 1675628317,
        "total_uptime": 2238320,
        "address_v4": "98.97.11.166",
        "address_v6": "fd1e:4126:679f:be7:da58:d7ff:fe03:236",
        "country_code": "US",
        "day": "20230205",
        "prefix_v4": "98.97.8.0/21",
        "probe": "https://atlas.ripe.net/api/v2/probes/61532/",
        "status_name": "Connected",
        "tags": [
            "system-resolves-aaaa-correctly",
            "system-resolves-a-correctly",
            "system-ipv4-works",
            "system-ipv6-ula",
            "system-ipv6-capable",
            "starlink",
            "system-ipv4-rfc1918",
            "system-ipv4-capable",
            "system-v5"
        ],
        "asn_v6": null,
        "is_anchor": false,
        "is_public": true,
        "prefix_v6": null
    },
    {
        "asn_v4": 14593,
        "first_connected": 1670700365,
        "id": 61731,
        "latitude": 41.8875,
        "longitude": -87.6315,
        "status": 1,
        "status_since": 1675324715,
        "total_uptime": 4935792,
        "address_v4": "98.97.15.102",
        "country_code": "US",
        "day": "20230205",
        "prefix_v4": "98.97.8.0/21",
        "probe": "https://atlas.ripe.net/api/v2/probes/61731/",
        "status_name": "Connected",
        "tags": [
            "system-auto-geoip-city",
            "system-ipv4-stable-1d",
            "system-ipv4-stable-30d",
            "system-resolves-aaaa-correctly",
            "system-resolves-a-correctly",
            "system-ipv4-works",
            "system-ipv4-rfc1918",
            "system-ipv4-capable",
            "system-v5"
        ],
        "address_v6": null,
        "asn_v6": null,
        "is_anchor": false,
        "is_public": true,
        "prefix_v6": null
    },
    {
        "asn_v4": 14593,
        "first_connected": 1670463645,
        "id": 61780,
        "latitude": 43.1575,
        "longitude": -70.6485,
        "status": 1,
        "status_since": 1675230777,
        "total_uptime": 5151810,
        "address_v4": "129.222.221.55",
        "country_code": "US",
        "day": "20230205",
        "prefix_v4": "129.222.216.0/21",
        "probe": "https://atlas.ripe.net/api/v2/probes/61780/",
        "status_name": "Connected",
        "tags": [
            "system-ipv4-rfc1918",
            "system-resolves-aaaa-correctly",
            "system-resolves-a-correctly",
            "system-ipv4-works",
            "system-ipv4-capable",
            "satellite",
            "starlink",
            "system-v5"
        ],
        "address_v6": null,
        "asn_v6": null,
        "is_anchor": false,
        "is_public": true,
        "prefix_v6": null
    },
    {
        "asn_v4": 14593,
        "first_connected": 1670534480,
        "id": 61899,
        "latitude": 39.2115,
        "longitude": -86.8685,
        "status": 1,
        "status_since": 1675408311,
        "total_uptime": 5092677,
        "address_v4": "98.97.13.91",
        "country_code": "US",
        "day": "20230205",
        "prefix_v4": "98.97.8.0/21",
        "probe": "https://atlas.ripe.net/api/v2/probes/61899/",
        "status_name": "Connected",
        "tags": [
            "system-ipv4-stable-1d",
            "system-resolves-aaaa-correctly",
            "system-resolves-a-correctly",
            "system-ipv4-works",
            "system-ipv4-rfc1918",
            "system-ipv4-capable",
            "system-v5"
        ],
        "address_v6": null,
        "asn_v6": null,
        "is_anchor": false,
        "is_public": true,
        "prefix_v6": null
    },
    {
        "asn_v4": 14593,
        "first_connected": 1670531970,
        "id": 62365,
        "latitude": 34.0795,
        "longitude": -112.1295,
        "status": 1,
        "status_since": 1675411417,
        "total_uptime": 5096049,
        "address_v4": "216.147.126.72",
        "country_code": "US",
        "day": "20230205",
        "prefix_v4": "216.147.120.0/21",
        "probe": "https://atlas.ripe.net/api/v2/probes/62365/",
        "status_name": "Connected",
        "tags": [
            "system-ipv4-stable-1d",
            "system-ipv4-stable-30d",
            "system-resolves-aaaa-correctly",
            "system-resolves-a-correctly",
            "system-ipv4-works",
            "system-ipv4-rfc1918",
            "system-ipv4-capable",
            "system-v5"
        ],
        "address_v6": null,
        "asn_v6": null,
        "is_anchor": false,
        "is_public": true,
        "prefix_v6": null
    },
    {
        "asn_v4": 14593,
        "asn_v6": 14593,
        "first_connected": 1671158199,
        "id": 62417,
        "latitude": 44.5405,
        "longitude": -88.2525,
        "status": 1,
        "status_since": 1675407774,
        "total_uptime": 4466069,
        "address_v4": "98.97.11.43",
        "address_v6": "2605:59c8:1422:9300:da58:d7ff:fe03:99a",
        "country_code": "US",
        "day": "20230205",
        "prefix_v4": "98.97.8.0/21",
        "prefix_v6": "2605:59c8:1400::/38",
        "probe": "https://atlas.ripe.net/api/v2/probes/62417/",
        "status_name": "Connected",
        "tags": [
            "system-ipv6-stable-1d",
            "system-ipv4-stable-1d",
            "system-resolves-aaaa-correctly",
            "system-resolves-a-correctly",
            "system-ipv6-works",
            "system-ipv4-works",
            "system-ipv4-rfc1918",
            "system-ipv6-capable",
            "system-ipv4-capable",
            "system-v5"
        ],
        "is_anchor": false,
        "is_public": true
    },
    {
        "asn_v4": 14593,
        "first_connected": 1671129990,
        "id": 62498,
        "latitude": 46.5015,
        "longitude": -122.9685,
        "status": 1,
        "status_since": 1675606876,
        "total_uptime": 4485753,
        "address_v4": "98.97.36.179",
        "country_code": "US",
        "day": "20230205",
        "prefix_v4": "98.97.32.0/21",
        "probe": "https://atlas.ripe.net/api/v2/probes/62498/",
        "status_name": "Connected",
        "tags": [
            "system-ipv4-rfc1918",
            "system-resolves-aaaa-correctly",
            "system-resolves-a-correctly",
            "system-ipv4-works",
            "cgnat",
            "home",
            "dsl-failover",
            "starlink",
            "system-ipv4-capable",
            "system-v5"
        ],
        "address_v6": null,
        "asn_v6": null,
        "is_anchor": false,
        "is_public": true,
        "prefix_v6": null
    },
    {
        "asn_v6": 14593,
        "first_connected": 1671145231,
        "id": 62553,
        "latitude": 36.1185,
        "longitude": -79.1605,
        "status": 1,
        "status_since": 1675433291,
        "total_uptime": 4475520,
        "address_v6": "2605:59c8:6000:eba6:da58:d7ff:fe03:4b5",
        "country_code": "US",
        "day": "20230205",
        "prefix_v6": "2605:59c8:6000::/38",
        "probe": "https://atlas.ripe.net/api/v2/probes/62553/",
        "status_name": "Connected",
        "tags": [
            "system-ipv6-stable-1d",
            "system-resolves-aaaa-correctly",
            "system-resolves-a-correctly",
            "system-ipv6-works",
            "home",
            "satellite",
            "starlink",
            "system-ipv6-capable",
            "system-v5"
        ],
        "address_v4": null,
        "asn_v4": null,
        "is_anchor": false,
        "is_public": true,
        "prefix_v4": null
    },
    {
        "asn_v4": 14593,
        "asn_v6": 14593,
        "first_connected": 1670527197,
        "id": 62741,
        "latitude": 39.9975,
        "longitude": -105.2105,
        "status": 1,
        "status_since": 1675237516,
        "total_uptime": 5094226,
        "address_v4": "216.147.122.92",
        "address_v6": "2605:59c8:50ac:7610:da58:d7ff:fe03:c7",
        "country_code": "US",
        "day": "20230205",
        "prefix_v4": "216.147.120.0/21",
        "prefix_v6": "2605:59c8:5000::/38",
        "probe": "https://atlas.ripe.net/api/v2/probes/62741/",
        "status_name": "Connected",
        "tags": [
            "system-ipv6-stable-1d",
            "system-ipv4-stable-1d",
            "system-ipv4-stable-30d",
            "system-ipv6-works",
            "system-ipv4-works",
            "system-resolves-aaaa-correctly",
            "system-resolves-a-correctly",
            "system-ipv6-capable",
            "system-ipv4-rfc1918",
            "system-ipv4-capable",
            "system-v5"
        ],
        "is_anchor": false,
        "is_public": true
    },
    {
        "asn_v4": 14593,
        "first_connected": 1670530407,
        "id": 62868,
        "latitude": 45.8415,
        "longitude": -120.7095,
        "status": 1,
        "status_since": 1675410925,
        "total_uptime": 5098087,
        "address_v4": "98.97.112.127",
        "country_code": "US",
        "day": "20230205",
        "prefix_v4": "98.97.112.0/21",
        "probe": "https://atlas.ripe.net/api/v2/probes/62868/",
        "status_name": "Connected",
        "tags": [
            "system-ipv4-stable-1d",
            "system-resolves-aaaa-correctly",
            "system-resolves-a-correctly",
            "system-ipv4-works",
            "ipv4",
            "4g",
            "5g",
            "starlink",
            "known-ipv6-issues",
            "lte",
            "multihomed",
            "system-ipv4-rfc1918",
            "system-ipv4-capable",
            "system-v5"
        ],
        "address_v6": null,
        "asn_v6": null,
        "is_anchor": false,
        "is_public": true,
        "prefix_v6": null
    },
    {
        "asn_v4": 14593,
        "asn_v6": 14593,
        "first_connected": 1673136915,
        "id": 62956,
        "latitude": 43.1405,
        "longitude": -90.2605,
        "status": 1,
        "status_since": 1675321444,
        "total_uptime": 2296320,
        "address_v4": "98.97.2.26",
        "address_v6": "2605:59c8:143b:2700:da58:d7ff:fe03:7bb",
        "country_code": "US",
        "day": "20230205",
        "prefix_v4": "98.97.0.0/21",
        "prefix_v6": "2605:59c8:1400::/38",
        "probe": "https://atlas.ripe.net/api/v2/probes/62956/",
        "status_name": "Connected",
        "tags": [
            "system-ipv4-stable-1d",
            "system-ipv6-stable-1d",
            "system-ipv6-works",
            "system-ipv4-works",
            "system-doesnt-resolve-aaaa",
            "system-doesnt-resolve-a",
            "system-ipv4-capable",
            "dual-stack",
            "native-ipv6",
            "starlink",
            "nat",
            "satellite",
            "system-ipv4-rfc1918",
            "system-ipv6-capable",
            "system-v5"
        ],
        "is_anchor": false,
        "is_public": true
    }
]